index,LoanApproved
10665,0
7602,1
11808,1
222,0
17081,0
17408,1
2516,0
5635,0
1168,0
14614,0
17456,0
12980,0
13908,1
13965,0
18112,0
182,0
12293,0
9938,1
10632,0
16673,0
16177,0
17173,0
9655,1
9116,0
14830,0
6079,0
13339,0
3812,1
10852,0
1462,1
16981,0
4118,0
6124,1
4212,0
5126,1
2290,0
8242,0
18761,0
2325,1
18656,0
1091,0
16705,0
9819,0
14731,0
15523,0
16087,1
7784,0
3298,1
2212,0
17768,0
5806,0
14901,0
4792,0
6747,0
15073,0
11098,0
9513,1
9919,1
9150,0
9114,0
19467,0
16340,1
6445,0
9877,1
18000,1
15679,0
16230,0
7805,1
8186,0
2701,0
5166,0
763,0
15933,0
10032,1
11159,0
5192,0
737,0
1013,0
2611,0
10162,0
1042,0
5734,0
4324,0
5747,0
12961,0
7354,0
2801,0
6349,0
4981,0
2883,1
13714,1
6034,0
10289,0
17722,0
5367,0
18859,1
19252,0
407,0
3115,0
8413,1
8299,0
6987,0
4888,0
17264,0
14580,0
12038,0
18821,0
2866,0
835,0
8896,0
8617,0
5014,0
8153,0
9796,0
10286,0
2239,1
11464,0
10414,0
2956,1
3493,0
16487,0
2308,0
13551,1
16488,0
17943,0
4190,1
12801,0
8583,0
9604,0
15934,0
12770,0
14266,0
4558,0
14974,0
17282,0
7393,1
17383,0
10780,0
10511,0
10182,0
13534,0
12609,0
8946,0
2497,0
7087,0
4584,0
155,0
12506,0
14592,0
6856,1
11633,0
14953,0
7969,1
5833,0
14296,0
5181,0
4495,0
19906,0
8575,0
17487,0
17183,0
4915,0
9810,0
17792,0
12061,0
3744,0
1002,0
14015,1
16144,0
715,0
16105,0
19638,0
12691,0
13900,0
18,0
126,0
6839,0
4929,0
7692,1
3129,0
14560,0
10973,0
4858,0
6570,0
16267,1
17787,0
28,0
337,0
13449,1
15908,0
15826,0
1344,1
11736,1
12412,1
11482,0
15498,0
5567,0
6516,0
1349,0
15411,0
7430,1
16675,0
4322,0
9107,0
8077,0
1724,0
14827,0
13963,1
7753,0
14856,0
7631,0
8890,0
17985,0
16174,0
19485,0
13888,0
9387,0
5255,0
9728,1
19632,0
9194,0
9102,0
1962,0
16305,0
9717,1
910,0
11001,0
7658,0
17860,0
5754,0
16245,1
11961,0
18499,0
11590,0
8856,0
13911,0
6210,0
19524,0
2280,0
15753,1
16061,0
5079,1
13138,0
5835,0
18370,0
14793,1
6212,1
6433,0
4259,0
3482,0
13683,0
16307,0
15572,0
5398,0
191,0
2679,0
7387,0
6232,1
6364,0
19501,0
10380,0
15142,1
10427,0
17037,0
15874,0
1784,0
18588,0
2214,0
2109,0
2523,0
827,0
17172,0
10813,0
1650,0
11205,0
1493,0
15137,0
5133,0
1357,0
6313,0
3807,0
3660,0
15513,0
15352,0
15324,0
18864,0
485,0
1018,0
2402,0
13879,0
10004,0
15958,0
3265,0
6522,0
8516,0
11323,0
7990,0
9994,0
13087,0
19192,1
14026,0
15654,1
11608,1
16632,0
12638,0
15787,0
9853,0
10956,0
15224,0
3663,0
4099,0
13017,1
14205,0
1032,0
6568,0
14913,0
1635,0
12449,1
4047,1
18776,1
5611,1
16277,0
1465,1
11327,0
17248,0
14163,0
7797,0
7532,0
788,0
887,0
12417,0
19034,0
19099,1
19016,0
1555,0
3934,0
17405,1
5581,0
15624,0
9520,0
11117,0
3530,0
10691,0
4506,0
141,1
17247,0
10758,1
7636,0
5522,0
1092,1
10368,1
16457,0
9525,1
4192,0
11151,0
123,1
1509,0
18026,0
13555,0
6561,0
5536,0
5651,1
2902,0
10820,1
10932,0
5386,1
19802,1
18772,0
1544,0
7596,0
7972,0
2850,0
19223,0
13542,0
5492,0
5839,0
8236,1
2228,1
12082,0
8684,0
13992,0
8830,1
13401,0
12711,0
7942,0
5472,0
13633,0
5645,0
14941,0
16580,0
4040,1
16197,0
529,1
14633,0
4533,0
15983,0
7564,0
9953,0
6459,0
18208,1
9295,0
7581,0
15864,0
13637,0
7462,0
14719,1
11303,1
3820,0
19675,0
14702,0
17434,1
398,1
12511,0
18264,1
7954,0
19230,0
13409,0
9616,0
14569,0
18191,0
7604,0
14922,1
11127,0
10524,0
19286,0
12338,0
805,1
8368,0
3569,0
16459,1
169,0
7881,0
16214,0
14150,0
13458,0
15696,0
1281,0
16152,0
7319,0
10554,0
13379,0
11271,0
2211,0
8441,0
14780,0
16971,0
758,0
3670,0
13488,1
2479,0
15282,1
3971,0
4668,0
2033,1
8636,0
11669,0
12408,0
8121,0
18910,1
4867,0
645,0
7357,0
7980,0
12030,0
3863,0
12301,1
10585,0
13897,0
8087,0
18719,0
14872,0
17602,0
16651,0
9254,1
1072,0
19413,0
16202,0
8997,0
17855,0
13520,0
16633,0
11570,0
9640,0
9782,0
12735,0
16836,0
5601,0
9784,0
16964,0
12993,0
5920,0
81,0
14152,0
11210,0
3076,0
1691,0
16979,0
8958,0
16489,0
13642,0
8055,0
15094,0
2153,0
10097,0
6835,0
16897,0
9753,0
4358,0
2875,0
17557,0
16551,0
16406,0
9052,1
1859,1
7053,0
16023,0
19892,0
1047,0
9063,0
16924,1
19484,0
3179,0
14559,0
1329,0
10181,0
8178,0
3455,0
134,0
5450,0
17389,1
15525,1
4590,0
1236,0
19338,1
7337,1
4248,0
8244,0
16810,0
15859,0
2269,0
6741,0
10135,1
3611,0
6542,0
16750,0
13583,1
3879,0
1768,0
15811,0
14392,0
10395,0
2822,0
5464,0
19687,0
15180,0
6902,0
12593,1
4868,0
10845,0
834,0
11379,1
14143,0
15348,1
17907,0
4446,0
3960,0
1800,0
12312,0
7976,0
18300,0
12847,0
7128,1
13960,0
2547,0
1414,0
6742,0
7752,1
10338,0
17836,1
4755,0
19339,1
9342,0
10307,0
4580,1
6411,0
19527,0
9283,0
2676,0
16191,0
8309,0
9709,0
3865,0
867,1
18219,0
14642,0
17780,0
666,1
911,0
15754,0
11467,0
4332,0
15388,0
11221,0
16831,0
12003,0
19809,0
14164,0
3851,0
3953,0
3884,0
6254,0
10456,0
10490,0
11970,1
1491,0
4940,0
9412,0
17025,0
17167,0
13408,1
17817,0
5776,0
13511,0
2145,0
19530,0
15851,0
1025,0
10868,0
15618,1
19963,0
15755,0
12742,0
17109,0
13634,0
4038,0
10108,0
12088,0
8609,0
13123,1
8353,0
12642,1
9317,1
10742,0
2969,0
17695,1
19281,0
4826,0
9896,0
10402,0
5059,0
15311,0
1250,1
19965,0
15967,0
14504,0
100,0
19569,0
7815,0
17954,1
12557,1
3386,1
12799,0
16300,0
18840,0
6810,1
7526,1
10038,0
6557,1
13768,0
4947,0
19511,0
18698,0
2529,1
12988,0
6799,0
7427,0
1797,0
10518,0
12418,1
8968,0
1189,0
7642,0
19746,1
17652,1
17017,0
19346,0
3606,1
7891,1
11112,1
10358,0
3247,1
767,1
9856,0
12411,0
4538,0
10606,0
4921,0
18665,0
6985,0
4785,0
6989,1
19009,1
18043,0
7923,0
15729,1
11760,0
6272,0
13095,0
17982,0
13154,0
14106,0
17683,0
9807,0
6676,0
8594,0
9348,1
19040,0
189,0
9257,0
4715,0
2002,0
673,0
16221,0
14851,1
5813,0
18313,0
2798,0
14406,1
11416,0
7261,1
8903,1
18745,0
9689,0
8778,0
16097,1
14822,0
18897,0
9951,1
13509,0
7894,0
754,0
1769,0
5560,0
9272,0
19797,0
6731,1
19145,0
8895,1
1620,0
5327,0
7397,1
8845,0
7587,0
13545,0
8788,0
9379,0
9738,1
3310,0
13763,0
653,0
2678,0
6503,1
17711,1
8301,0
12250,0
17265,0
13233,0
853,0
3741,0
12102,0
19327,1
17231,1
8799,1
19960,1
16009,1
14892,0
19790,0
16843,0
16101,1
4022,0
2319,0
5614,0
17885,0
3244,1
6529,1
9119,0
13581,0
17639,0
3342,0
18172,0
3093,0
7304,0
16663,0
7939,0
18807,0
17152,1
10544,0
16114,0
8947,0
14051,0
4384,0
8774,0
789,0
2162,0
9301,0
8569,0
1415,0
17838,1
1368,0
13612,0
18505,0
9636,0
18155,0
7865,0
18363,1
7294,1
12194,1
18518,0
17955,0
9586,0
19216,0
76,0
5025,0
7842,1
18448,0
19548,0
4472,0
7113,0
285,0
9413,0
4123,0
14065,0
7520,0
1571,0
16665,1
12625,0
15666,0
13148,0
16397,0
8108,1
16544,0
1345,0
4438,0
8726,0
3057,0
13492,0
14527,0
9408,0
18027,0
19758,0
6148,0
13794,0
16989,0
11395,0
3217,1
12132,0
17143,0
5565,0
18419,1
2897,0
17721,0
15361,0
3309,0
16746,0
17730,0
19080,0
9756,0
15080,0
4678,0
15273,1
6880,0
19472,0
318,0
19649,0
2425,0
7737,0
17801,0
2092,0
213,0
3036,0
14313,0
13550,1
11319,0
14551,0
3661,0
14263,0
4616,0
9236,0
17651,0
12007,1
17862,0
1602,0
17086,0
2305,0
9021,1
6332,0
17,1
4469,1
11263,0
6848,0
19325,0
3175,0
12106,0
14428,0
6249,1
8544,0
11908,1
14701,0
1686,0
6335,0
18606,0
15425,0
5426,1
4530,1
7670,0
19587,0
15667,0
10686,1
15405,1
11538,0
253,0
8889,0
6412,1
7548,0
19542,0
3395,0
7192,0
11404,0
5695,1
16019,0
19724,0
9543,0
18820,0
19903,0
11634,1
9367,1
7909,0
8639,0
3857,0
11158,1
13147,1
11585,0
9376,0
9327,0
412,1
8103,0
16787,0
17097,0
11831,0
612,0
15116,0
7103,0
13930,0
12817,0
16273,0
14891,0
3079,0
11156,0
14674,0
1559,0
13343,0
3512,0
7910,0
10394,0
15780,0
11674,0
8647,0
13418,0
3284,0
8553,0
10082,0
13302,1
7017,0
13278,0
2711,0
18065,1
16215,0
15172,0
14787,1
3348,1
16099,0
11534,0
15049,0
19957,0
12445,1
9264,0
13042,0
12782,0
14899,1
18154,0
8564,0
17670,1
6770,0
5571,0
939,1
8588,0
5451,0
9599,0
14948,0
18939,0
9385,0
12865,0
19322,0
12572,0
4848,0
14251,0
7151,0
18398,0
4077,0
13891,0
6002,1
14505,1
19419,0
6094,1
16785,0
12294,0
11175,1
2562,0
3004,1
16950,0
12901,0
11508,0
380,0
4288,0
6367,0
13364,0
7779,0
5459,1
12951,0
14426,0
354,1
19702,0
11812,1
12252,1
17295,1
3687,1
764,1
1292,1
2309,0
1088,0
6170,0
6416,0
10526,0
10412,0
11433,0
10581,1
13347,0
14832,0
12491,0
1261,1
8768,0
206,0
7117,0
9205,0
5974,0
3944,0
7945,0
4740,1
7904,0
16399,0
6488,0
16837,0
11130,1
16168,0
18558,1
13098,0
16755,0
8117,1
8099,0
13645,0
16285,0
2508,0
16953,0
9359,0
1811,1
17322,0
9223,0
6763,0
9455,0
10878,0
5235,0
16185,0
7311,0
10831,0
16484,0
294,1
17846,0
7605,0
2012,0
14495,0
3010,1
12674,0
15796,0
14546,0
2829,0
14616,0
11474,0
19835,1
19187,1
12200,0
15412,0
10636,0
10460,0
15688,0
7436,0
13238,1
4066,1
14959,0
10821,0
882,0
2659,0
4724,0
8815,0
11668,1
12736,0
10324,0
19189,1
8599,1
12175,1
3912,0
16517,1
9864,0
7628,1
6585,1
3541,1
9746,0
15307,0
16814,1
7320,0
12,1
1884,0
18550,0
9512,1
8233,0
9539,0
19126,0
13020,0
15554,1
19712,0
2691,0
17770,0
8879,0
5608,1
6065,0
961,1
2524,0
1701,0
9862,0
2673,0
17632,0
16283,0
17159,0
16506,0
6993,0
15979,0
9960,0
19351,0
10454,0
16822,0
6473,0
15238,0
17717,0
14315,0
3622,1
18577,0
2807,0
1063,0
4224,0
14246,0
18836,0
11492,0
12278,0
15627,0
12513,0
18703,0
13843,0
11751,1
7963,0
10120,1
12598,0
15110,0
11535,0
4731,0
11025,0
4750,1
1219,0
7108,1
15682,0
5272,0
4516,0
3258,0
2685,0
2150,0
13663,0
15868,0
438,0
18712,0
3961,1
10071,0
3038,1
646,0
14665,0
17116,0
4520,0
9074,0
17055,1
13178,0
18564,1
5828,0
10075,0
11998,0
8308,0
8621,0
19975,0
3087,0
1049,0
7723,1
12389,0
9334,0
3213,0
15189,0
5627,0
4811,0
6153,0
9737,1
18081,0
13870,0
366,0
18382,1
19830,0
13392,0
12143,0
17989,0
3160,0
10161,0
7646,0
2268,0
9608,0
18716,1
8654,0
4625,1
3570,0
18147,0
10483,0
13936,0
11995,0
12275,1
19459,0
487,0
7310,0
13207,0
13206,1
18361,1
8404,0
12734,0
13610,0
18188,0
16235,0
6131,0
7912,0
2664,0
14470,1
7232,0
13500,0
14828,1
8240,1
15507,1
16228,1
13533,0
14840,0
17087,0
15740,1
12425,1
18557,0
18005,0
11777,0
1737,0
13174,0
1655,0
6184,1
1177,0
13081,0
16060,0
13099,1
3084,0
15048,0
7169,0
11320,0
13365,0
16012,0
11920,0
7919,0
3615,0
19298,0
18362,0
11861,0
19481,1
18675,0
16739,0
17238,0
18605,1
18768,0
14697,0
19387,1
15994,0
7767,0
7414,0
7186,0
6766,0
2027,0
2236,1
12667,0
1682,0
10588,0
4424,0
11697,1
6344,0
4021,1
10059,0
9085,0
18623,0
5432,0
5500,0
577,1
4056,1
2879,0
7405,1
11774,0
17259,1
11852,0
1530,0
4966,0
2388,0
6288,0
6857,0
5652,0
4352,0
4532,0
9977,1
12539,0
19350,0
2408,0
15437,0
3233,0
3881,0
17391,0
7016,0
1248,0
8742,0
8031,0
1575,1
3065,0
19132,0
11693,0
9138,0
1114,0
6397,0
14663,0
5489,1
17013,1
9638,0
12153,0
11378,0
6114,1
17789,0
19005,0
17969,0
3976,1
10687,0
19869,0
7862,0
1291,1
4180,0
6257,1
16957,0
3774,0
8935,0
5149,0
17054,1
6844,0
9457,1
10837,0
2502,1
10961,0
532,0
7346,0
18674,1
16295,1
254,0
2863,1
16582,0
2422,0
7855,0
1383,0
5550,0
13155,0
3237,0
4366,0
14100,0
1730,0
12867,0
1711,0
10405,0
13882,0
954,1
3878,0
5884,0
12826,0
17331,0
10688,1
14997,0
8689,0
1312,0
4157,0
876,0
14999,0
17058,0
18197,0
14487,0
6013,0
225,0
3673,0
18189,1
4003,0
2775,0
15399,0
12157,1
7433,0
1323,0
12285,1
9474,0
19100,1
4529,0
15705,0
16475,0
7538,0
2189,0
3977,0
6619,0
8234,0
12545,1
7896,0
16224,0
7446,1
8350,0
5016,0
14243,1
7378,1
13491,0
3942,0
9371,0
15584,0
17269,0
14187,1
18672,0
12871,0
6945,0
1809,1
5915,0
17911,0
15630,0
19900,0
8931,0
17000,0
2918,1
694,1
12983,1
8792,0
16291,1
11743,0
3517,0
12046,0
13974,0
4513,0
11039,0
1279,0
5850,0
3401,0
12054,0
4710,0
13608,0
5722,1
17573,1
19231,0
15968,0
2495,0
2634,1
16004,0
1095,0
3581,0
3266,1
15894,0
8286,0
3696,0
2777,1
6738,0
6080,1
18050,0
14591,0
15712,0
1268,0
7598,1
8315,0
2985,0
12969,0
2653,1
6981,0
1085,0
6317,0
14383,0
10221,0
450,0
16513,0
6882,1
12778,0
14,0
17716,1
17397,0
18825,0
13538,0
14295,0
11820,0
3792,0
5180,1
9098,0
17477,1
12056,0
12002,1
1829,1
18552,0
14842,1
16863,1
14984,0
10509,0
9889,0
9861,1
4698,0
3277,0
19929,0
6492,0
12439,0
13655,0
6119,0
11591,0
11582,1
15887,0
14861,0
13839,0
10327,0
6454,0
5760,1
16566,0
5551,0
9423,0
18498,0
10601,0
17274,0
19318,0
6980,0
11947,0
18667,0
1229,0
16628,0
8422,0
10794,1
18879,0
14772,0
15225,0
16983,0
18451,1
4105,0
18895,0
2596,0
4926,0
15775,0
9744,0
2238,1
8438,0
16643,0
3275,0
2761,1
5520,1
2393,1
1590,0
175,1
13358,0
11599,0
15375,0
8679,1
5300,0
7629,1
6717,0
6309,0
7110,0
5063,0
14902,0
17505,0
10730,0
3545,0
5640,0
13657,1
1654,0
10355,1
9469,0
2426,0
3339,0
2037,0
14317,0
4627,0
11198,1
4291,0
17799,0
10827,1
4480,0
14134,0
14275,1
11632,1
4,1
1339,0
11801,0
14248,0
17876,0
3340,0
4148,0
6996,0
10475,0
6552,1
10723,0
2357,0
7199,0
1010,0
19366,0
4959,0
12085,0
10634,0
7034,0
14939,1
3625,1
545,0
5462,1
3572,0
3978,1
7400,0
15208,0
10832,0
2657,1
4887,0
8,1
4177,0
1084,0
14159,0
4102,0
6941,0
2359,0
8536,0
932,0
15552,0
10693,0
8162,1
14693,0
8878,0
14671,0
5091,0
14630,0
1259,0
15290,0
18539,0
3203,1
13824,0
4918,0
19915,0
19528,0
505,0
13291,1
15230,0
16687,0
699,0
6535,0
16258,0
5852,1
19908,0
7496,0
4417,0
2310,0
1137,0
10246,0
7223,0
8894,0
15927,0
5917,0
5204,0
1651,0
1749,1
838,0
10905,0
1260,0
4610,0
19877,0
12715,0
6336,0
10655,0
18190,0
18653,0
2303,0
11974,0
13715,0
12052,0
17324,0
5329,1
8284,1
19328,0
18279,0
18305,0
16618,0
5513,1
16605,0
10699,0
6756,0
6026,0
8038,0
18052,0
19668,0
16182,0
17813,1
18655,0
858,1
12835,0
10187,0
18248,0
18378,0
12476,1
16090,1
13356,1
17549,0
9550,0
12564,0
18380,1
8272,0
15460,1
18890,1
16984,0
15987,0
14273,0
1943,0
5595,0
11199,0
8434,0
6843,0
8637,0
4993,0
17578,0
12029,0
6230,1
4473,0
9213,0
19101,1
12137,0
5539,0
15485,0
14831,0
19618,0
2904,1
13836,0
3913,0
8145,0
7461,0
4106,0
13881,0
11963,0
2341,0
2727,0
5535,1
1409,0
19570,0
1406,0
2160,0
10520,0
13976,0
16757,0
4015,0
695,0
1916,0
3555,0
15586,0
2131,1
4443,1
4847,1
4589,0
11530,0
12919,0
667,1
16856,1
7116,0
4684,0
17781,0
6393,0
15678,0
11807,0
15532,0
19460,1
9151,0
11293,0
2300,0
1408,1
7612,0
10779,0
17193,0
16813,0
11288,0
5105,0
1144,1
9802,1
7928,1
19141,0
16954,0
4055,0
1264,0
17565,1
16396,0
5130,0
1257,0
8002,1
16112,0
8740,0
8251,0
5313,0
5072,0
5165,0
13566,0
1587,0
9569,1
362,0
18654,0
14105,0
3889,1
3667,0
6244,0
18753,1
5261,0
3230,0
15502,1
19439,0
18857,0
2081,0
8043,0
6326,0
9976,0
15157,0
16840,0
10204,0
3574,0
5709,0
12877,1
4549,0
12453,0
2127,1
4840,0
7156,0
2385,0
814,0
10136,0
9767,0
6417,0
6388,0
11839,0
10679,1
3599,1
5661,0
11950,1
8939,0
12763,0
10461,0
8410,0
9481,0
16715,1
12676,0
15973,1
8095,1
9009,0
2716,0
18502,0
6439,0
10540,0
7218,0
3368,0
17286,0
13799,0
11304,0
5428,0
14751,0
18431,0
15577,0
10170,0
12069,1
3995,0
12358,0
14173,0
16573,1
7933,0
11481,0
277,0
8316,0
19510,0
7011,0
11171,1
12329,0
19455,0
12669,0
874,0
1968,0
19262,0
4597,0
17580,0
11778,0
14758,0
713,0
10947,0
15112,0
12113,0
17115,0
5685,0
6936,1
9748,0
15850,0
741,0
14462,0
4554,0
1845,0
1598,0
5223,0
18226,0
18823,0
15047,0
5788,0
16919,0
17198,0
617,0
5505,0
18576,0
5323,1
11574,0
1891,0
17946,0
998,1
17196,1
9971,0
2518,0
18003,0
17454,0
7953,0
6540,0
16172,0
5737,0
16415,0
9504,0
19576,0
1204,1
923,0
14728,0
16348,0
14039,0
1542,1
11675,1
10254,0
7759,0
16088,0
4483,0
5168,1
15981,0
17616,1
16821,0
11354,0
13300,1
3491,0
14940,0
7361,0
3431,1
2381,0
6023,0
16116,0
18641,0
6632,0
6053,0
17674,0
5686,0
9658,0
928,0
10624,0
4952,0
16091,0
18503,0
8804,0
16932,0
8052,0
6702,0
1996,0
13237,0
13315,1
8652,0
12283,1
19115,0
711,0
543,0
13611,0
18594,0
19199,0
18676,0
15732,0
4534,1
2071,1
15117,0
13649,0
5751,0
19012,0
14008,0
4018,0
17209,0
8650,0
19838,0
2799,1
8534,0
10728,0
6343,0
4380,0
6658,0
14906,0
12842,1
4518,0
5798,0
1673,0
1634,0
6462,0
17858,0
5975,1
2650,0
5439,0
17546,1
10752,0
4712,1
4884,0
18176,0
6671,1
5172,0
9716,1
314,0
15228,0
17904,0
19780,0
5916,0
14727,1
11981,0
9099,0
19572,0
19321,1
14457,0
17230,0
13034,0
10280,0
10536,0
16783,0
3078,0
13872,0
14444,0
18696,1
3164,0
5832,0
17649,0
15540,0
1014,0
9188,0
10046,0
2867,0
17657,1
13901,1
3749,0
5066,0
1,0
1214,0
19090,0
8999,0
18391,0
6616,1
5878,0
9361,0
13096,1
2615,0
19124,0
9943,0
2700,0
7441,1
15557,0
6504,1
6553,1
12316,1
193,0
1176,0
10528,1
13809,1
7652,1
2446,0
11958,0
14685,0
15905,0
13390,1
1451,0
4778,0
5827,1
4783,0
2123,1
8269,0
8528,1
12908,0
10772,0
1086,0
12761,0
1216,0
1420,0
4891,0
18314,0
18678,0
15251,0
4115,0
6252,0
4280,1
12838,1
18396,0
19902,0
7594,0
13484,0
4222,0
18322,0
7051,0
17530,1
7065,0
16200,1
17036,0
17346,1
8661,0
3633,0
19055,0
2683,0
18323,0
1496,0
6785,0
6389,1
8656,0
17289,0
19079,0
11712,0
15343,1
3419,1
9362,0
6087,0
1674,0
9688,0
17764,1
4362,0
10304,0
19972,0
14865,0
11975,0
13395,0
5837,0
3242,0
15427,0
1672,0
10538,0
6688,0
12582,0
16119,0
8168,0
5626,1
18229,1
462,0
9382,0
14672,0
8990,0
10954,0
2878,0
19188,0
4615,0
671,0
17859,1
3319,0
18148,0
10148,0
17094,0
7522,0
9979,0
684,0
14079,0
19914,0
13480,0
19374,1
16796,0
9578,0
11097,0
19506,0
17067,0
16455,0
10604,0
8659,1
3142,1
10950,0
15655,0
9492,0
10256,0
12864,0
9080,1
8745,0
13756,1
2575,0
16030,0
6715,0
14526,0
19833,0
15034,0
6020,0
17869,0
19001,0
17536,0
4065,0
1314,0
18700,0
10731,0
1760,0
13815,0
3743,0
16427,0
14031,1
8478,0
15232,0
4841,1
2202,0
13952,0
17840,0
10369,0
10065,0
5103,0
16417,0
17068,0
6708,0
13943,0
16287,1
13660,0
6879,0
9980,1
9100,0
5858,1
19289,0
15747,0
13647,0
4851,1
10351,0
11146,0
2210,0
6842,0
19719,0
3499,0
12832,0
13252,0
19884,0
12441,0
6165,0
6044,0
6860,0
13948,1
8794,0
1313,1
8214,0
12083,1
9685,1
11045,0
12695,0
8081,0
12298,0
14378,1
7149,0
5749,0
6781,0
9229,0
12248,0
17437,0
8008,1
18307,0
14554,1
3209,0
4756,0
11412,0
11067,0
15138,1
19562,0
15398,0
13293,1
18490,0
18525,0
17468,0
13727,1
3318,0
11349,0
7293,1
5379,0
8567,0
13219,0
3262,0
6095,1
2151,0
9307,0
6129,0
9134,0
3959,0
10756,0
8431,0
6647,0
18312,1
10029,0
9419,0
19475,0
13582,0
6470,0
19875,0
2953,0
14613,0
11653,0
8339,0
14686,0
11181,1
9436,0
386,0
16193,0
7960,0
924,0
9159,0
16664,0
10174,0
9287,0
18207,0
19445,0
11551,0
610,1
3980,0
105,0
1289,0
9300,0
5509,0
13453,0
2660,0
4160,0
15127,0
14972,0
12689,0
8169,0
18074,0
11613,0
1889,0
9894,0
984,0
17682,0
17709,1
8807,0
12594,0
10037,1
16008,0
17445,0
8294,0
2695,0
17061,0
10774,0
14931,0
7859,1
3641,1
15120,0
18240,0
13407,0
15266,0
19880,1
201,0
16334,1
4644,0
15042,0
15088,0
14359,0
5905,1
11962,0
12550,0
8970,1
1581,0
1524,0
14841,0
15674,0
3359,0
15442,1
13526,0
1017,0
13732,0
18763,0
11346,0
17361,0
2184,0
322,0
51,0
8126,0
13638,0
17563,0
4798,0
19073,0
2680,0
10062,0
16049,0
4144,1
14020,0
8246,0
8902,1
7791,0
9394,0
11755,0
9086,1
17301,0
10930,0
16198,0
11142,0
19652,0
5507,0
17494,0
15128,0
2069,0
17307,1
4788,0
4593,0
12915,0
14148,0
2468,0
1350,0
16497,0
14174,0
3715,0
14443,0
12967,1
19125,0
9673,0
8501,0
9463,1
18491,1
3888,0
8290,0
1607,0
13151,0
10508,0
4489,1
13636,0
18808,0
4961,0
13218,0
86,0
8149,0
2943,0
4842,0
14450,0
18062,1
15866,1
75,0
11684,1
12979,0
17938,0
3133,0
19773,0
3935,1
13713,0
11606,0
1827,0
10310,0
10168,0
1802,0
11822,0
10888,1
11787,1
5620,0
19432,0
5844,0
1614,1
6278,0
19692,1
17236,0
1160,0
4411,0
11105,0
1721,0
10573,0
628,0
8732,0
2125,1
15171,0
10172,1
10366,0
2143,1
19469,0
19899,0
10353,0
10980,0
1871,1
12837,0
6723,0
3099,0
3639,0
16653,0
2804,1
16000,1
7392,0
18973,0
14208,0
19819,0
1364,0
1915,0
4526,0
3537,0
17311,1
355,0
4396,0
7622,0
796,0
948,0
11106,0
7058,0
16929,0
13039,0
13221,0
1294,0
9893,0
17325,0
4874,0
1480,1
5240,0
12630,1
16694,0
947,0
6310,0
11008,0
12652,1
4328,0
2263,1
3837,0
4179,0
10273,1
7519,0
8418,0
13133,0
19727,0
14046,0
17371,1
1124,0
6489,1
10516,0
9777,0
15432,0
13423,0
18919,1
452,0
17199,0
13308,0
14358,0
15141,1
14991,0
14811,0
729,0
3378,0
14884,0
4912,0
12115,0
4423,0
8993,0
19186,0
19454,0
13190,0
7189,0
721,0
13322,0
17702,0
15888,0
17254,1
7818,0
6444,1
15415,0
16910,0
4247,0
12775,0
18730,0
19803,1
11268,0
1564,0
11707,0
2697,0
7437,1
9393,0
8054,1
6406,0
15197,0
16714,0
2206,1
6750,0
3702,0
2453,0
19650,0
10101,0
2585,0
12554,0
4313,0
376,0
1718,0
17096,1
12977,0
137,0
18986,0
8771,0
11373,0
4498,0
16479,0
2880,0
19179,0
18582,0
313,0
264,0
6172,0
18706,0
16795,0
14524,0
18516,0
17415,1
14477,0
18912,0
2504,1
14493,1
14497,0
15344,1
12600,1
16054,1
12450,0
11002,0
15821,1
2437,0
5834,0
12771,1
19464,0
7122,1
14918,1
13145,0
10218,0
3162,1
9476,0
9458,0
12173,1
13170,1
9661,0
2159,0
4894,0
1397,0
7067,0
3554,0
3777,0
2772,0
7988,0
4427,0
18889,0
13429,0
18461,0
14151,0
9262,0
9502,1
7948,0
10833,0
11982,0
1924,0
1605,1
11870,0
5988,0
15041,0
11270,1
11242,0
14936,0
1819,0
10237,0
15205,0
3854,0
15583,0
7671,0
2786,0
2803,0
14172,0
19955,0
17151,0
16799,0
3172,0
15331,0
8045,0
7802,0
303,1
4565,0
7913,1
15974,0
17214,0
9760,0
5081,0
17395,0
17123,0
4001,0
19967,0
2174,0
17543,0
1660,0
798,1
9068,0
2930,1
11470,0
17743,0
13028,0
1911,1
14384,1
12571,1
2107,0
4605,0
14709,0
19017,0
12405,0
14087,0
10822,0
16556,0
1061,0
9426,0
3268,0
15216,0
12524,1
5989,0
14232,0
17380,0
10802,0
19447,0
18309,0
18179,0
8188,1
13913,0
6923,0
14449,1
14744,0
3416,0
118,0
14376,0
16330,0
11759,0
1082,0
19654,0
9343,0
10943,0
5607,0
18350,0
7196,0
4861,1
19373,0
12495,0
6469,0
11748,0
3767,0
9657,1
14745,0
17742,0
5483,0
14985,0
13459,0
453,0
17039,0
12792,1
16899,0
2621,1
5268,0
3193,0
17819,0
14432,0
10705,0
4381,0
12703,0
3628,0
1011,0
11829,0
8780,1
1308,0
2993,0
8721,1
19004,0
7766,1
13016,0
11944,1
1129,0
6081,0
12541,0
19736,0
14285,1
5147,0
2267,0
18937,1
15711,0
10275,0
3582,0
17154,0
10595,0
14360,0
17186,1
2560,0
5486,0
323,1
17367,0
2464,0
12942,0
7749,0
2243,0
9467,0
10541,0
6580,0
5249,1
18944,0
1353,0
7176,0
6063,0
19968,0
10113,0
9169,0
7609,1
3117,0
10457,1
9537,0
14350,1
15591,1
8491,0
12065,0
17412,0
10513,0
7876,0
4371,0
3710,0
12565,0
8979,0
1213,0
16681,0
11568,0
6120,0
17344,0
15841,0
831,0
9576,1
11849,1
9006,1
4889,0
17052,1
13697,0
19359,0
14217,0
3149,0
16883,0
908,0
8651,0
16192,0
1433,0
572,0
18185,0
14644,0
7091,0
17538,0
17814,1
16550,1
12302,1
1337,1
5375,1
15846,0
15391,0
5907,0
18040,0
12829,0
19271,0
10134,0
17045,0
17050,0
9874,1
5995,0
9505,1
8530,0
3389,0
17157,0
1390,0
11200,0
2008,0
6625,0
1128,0
4494,0
6874,1
5293,0
3649,1
16021,0
15215,0
19849,0
18511,0
9028,1
5946,0
13487,0
10621,0
6675,1
510,0
7258,0
14988,0
1453,1
13400,0
6501,0
5880,0
15031,0
12415,0
18111,0
18095,0
9181,0
16100,0
3442,1
18096,0
16041,0
12233,0
8552,0
276,0
5356,0
19117,0
18449,0
3575,1
19786,0
16403,1
6757,0
12035,0
13284,1
730,0
17353,0
7527,0
10525,0
2614,0
10123,0
8950,0
12991,0
10276,0
15292,0
1334,1
16196,0
3703,0
1772,0
8557,1
7038,0
12435,0
16492,0
1828,0
11023,0
15489,0
562,0
9814,0
10238,0
9613,0
9261,0
15319,1
18754,1
703,0
7474,0
224,0
14752,0
16951,0
5578,0
19427,0
11943,0
9902,0
19176,0
10497,0
11735,0
211,1
12752,0
7159,0
17402,0
8513,0
17725,0
14776,0
806,0
11312,0
11283,0
14028,1
7574,0
18916,0
1262,0
12087,0
19858,0
6,0
17110,0
5519,0
19284,0
12490,0
13659,1
4158,0
9430,0
15199,0
10725,0
13516,0
4688,0
4942,0
11670,1
9959,0
11300,0
7887,0
18116,0
16523,1
12025,0
13454,1
17216,0
17993,0
4869,1
13725,1
6898,0
11040,0
1230,1
11044,0
11989,0
1946,0
14210,1
9729,0
18817,0
2627,1
5957,0
12077,0
19529,0
8197,1
10872,1
6357,0
6169,0
12272,0
7584,0
11871,0
10935,0
6875,1
14083,0
18358,1
7429,0
4482,0
11104,0
2454,1
15690,0
7366,0
9848,0
18406,0
2536,0
17125,1
7735,0
1246,0
19771,0
5463,0
4169,0
16680,0
9570,0
156,0
15101,0
2349,0
9227,0
16754,0
1424,0
9679,0
516,0
19245,0
4316,0
10969,1
11906,0
12114,0
13953,0
682,0
4936,0
1992,0
15219,0
9842,0
17084,0
11430,1
1041,0
13122,0
8632,0
11722,0
9244,0
5631,1
13937,0
4312,0
5039,0
6805,1
19208,0
14213,0
6694,0
5752,0
1706,0
828,0
18181,1
12276,0
14904,0
15113,1
5297,0
1263,0
13350,0
14114,0
3734,0
9380,0
16003,0
15689,0
13494,0
18782,0
18336,0
2483,0
8280,0
5317,0
6395,0
5080,0
4338,0
16959,0
8917,1
17669,0
9585,0
12403,0
16047,0
18603,0
11571,0
10493,0
6801,0
14264,0
19952,0
6858,0
4071,1
6483,0
2106,0
8435,0
6352,0
13050,0
13752,0
19962,0
17646,0
17500,0
8336,0
1239,0
19488,0
4050,1
18280,0
15900,0
9860,0
10070,1
7667,1
8239,0
18522,0
16412,0
18920,0
15406,1
1301,0
2365,1
1384,0
15426,0
4628,1
3577,0
15394,0
4673,0
170,1
3895,0
19678,0
17232,0
9029,0
15912,0
15980,1
698,0
1645,0
5316,0
13158,1
16039,0
16118,0
11083,1
15620,0
2424,0
15135,1
6285,0
12883,0
9237,0
19954,0
218,0
15297,0
6345,0
12879,1
14024,0
7693,1
9409,0
3590,1
8104,0
4432,0
10951,0
19061,0
10677,0
9752,1
3072,0
4780,0
17930,0
9536,0
15816,0
3946,0
12371,0
19813,1
7006,0
6917,0
3738,0
3405,0
14566,0
19863,0
2873,0
7804,0
10126,1
4585,1
2345,0
19002,0
2970,0
8058,0
14349,0
18308,1
5418,0
7572,0
16369,0
17508,1
12361,0
14257,0
11078,0
1437,1
12900,0
14937,0
4173,0
15490,0
4702,0
13196,0
19703,0
6929,0
12637,1
7787,0
17656,0
9448,1
17963,0
19815,0
18662,1
15012,0
18400,0
19030,1
14980,0
8844,0
1121,1
11036,0
6253,0
2048,0
10580,0
13131,0
18541,1
7247,0
9593,0
10350,0
528,1
1771,1
15340,0
1873,0
16204,0
9395,0
3718,0
5381,0
11307,0
17023,0
2781,0
17898,0
6565,0
11637,0
10370,0
8417,0
5495,0
2598,1
17003,1
9232,0
15467,1
16617,0
19205,0
11468,0
14564,0
5848,0
2233,0
18732,0
13783,1
352,0
8416,0
14650,0
13513,0
1726,0
20,1
11339,1
19106,0
4394,0
12684,0
16838,0
15574,1
17696,0
14455,0
13761,1
7848,0
8469,0
14518,0
13759,0
8728,0
7821,0
17220,0
7251,0
4167,1
18661,0
8977,1
11438,0
1853,0
4422,1
16968,1
5052,1
10753,0
10982,0
2024,0
7495,1
8139,0
17640,1
13600,1
12047,0
5993,0
3479,0
1142,0
3861,0
16850,0
1022,0
11235,0
13914,0
14627,1
1822,0
13298,0
3198,0
11714,1
1578,0
11393,0
98,0
8327,1
13770,0
3225,0
14451,0
19699,1
11331,0
862,1
7318,0
6916,0
13228,0
4500,0
19116,0
8141,1
15107,0
16786,0
4837,0
7873,1
19474,0
1526,0
13793,0
18377,0
3842,0
17215,0
12663,1
7352,0
4120,0
13616,0
2674,0
19722,0
11855,0
4902,0
18468,0
8374,0
16742,0
11734,0
10311,1
3504,0
3235,1
8705,0
13805,0
3249,0
15483,0
5416,0
16143,0
19010,1
8747,0
1836,0
14171,1
12848,0
15330,0
3567,0
15842,0
12519,0
11721,0
19418,0
19225,0
3030,0
11448,0
11103,0
2722,0
16697,0
2563,1
1821,0
7813,0
19926,1
5787,0
4223,0
15506,0
106,1
7388,0
14806,0
2604,0
9869,0
16624,0
13493,0
5068,1
886,0
571,1
4545,0
17091,0
3550,0
1221,0
14075,0
1459,0
5383,1
7326,0
15939,0
9997,1
6093,0
12499,0
11773,0
10997,0
12026,0
8877,0
14624,0
3584,0
8982,0
14950,1
3521,0
13136,0
1412,0
16712,0
9210,1
3477,0
18896,0
14422,0
723,1
11720,0
6897,0
4594,1
15053,0
1274,0
11237,0
8806,0
3445,0
13674,0
4734,0
15335,0
9070,0
11909,0
5656,0
10672,0
2112,0
4449,0
10841,0
7973,0
17561,0
7056,0
879,0
9231,1
18794,1
19304,0
2857,0
6589,0
6052,0
19784,1
16063,0
14960,1
12005,0
9538,0
9779,0
12549,0
12485,0
212,0
8322,0
6920,0
7857,0
18938,1
14292,0
18551,0
18469,0
6382,0
11800,0
2053,0
9285,1
9553,0
1826,0
16804,1
2046,1
14107,0
17133,0
9084,0
13175,0
18999,0
2526,0
8323,0
9452,0
11392,0
4152,0
9193,0
16146,0
8737,0
13041,0
6324,0
7560,0
18273,0
10700,0
4030,0
18383,0
11291,0
16145,1
18743,0
15499,0
4741,1
1256,0
17599,0
19916,0
12199,0
13729,0
6175,0
7140,0
962,0
1774,0
9162,0
525,0
2373,0
19519,0
11791,0
6968,0
5616,0
9204,0
11999,0
5593,0
15023,0
9509,0
3727,0
15354,1
2183,0
19867,0
1833,1
345,0
4987,0
1757,0
15457,0
18951,0
13025,0
15363,0
18994,0
5874,0
29,0
8912,0
4614,0
16803,1
12264,0
8321,0
15011,0
18442,0
18015,0
11652,0
8954,0
17618,1
1979,0
6791,0
16773,0
13085,1
4231,0
19301,0
2590,1
3332,0
2242,1
7377,0
1636,0
8388,0
12111,0
470,0
12694,0
8384,1
18975,0
16037,1
19554,0
14441,0
18021,1
2134,0
7000,0
424,0
7907,0
14126,0
7228,0
14699,0
12001,1
3921,1
12998,0
19940,0
712,1
2148,0
7312,0
2219,0
5910,0
9776,0
6772,0
5914,0
6126,1
15607,0
7475,0
13381,0
9284,1
2203,0
11730,1
8423,1
13352,1
10332,0
6822,1
9154,0
3114,0
6939,0
15015,0
9281,0
9941,1
18117,0
16690,0
5672,1
17515,0
16734,0
4564,0
309,0
12080,1
19416,0
6933,0
7736,0
12493,0
9575,0
5546,0
18514,1
12458,0
6719,0
18928,0
2864,0
13168,0
18265,0
4794,0
13800,1
8862,0
9909,0
19273,0
5508,0
7768,0
11886,1
14139,0
14510,0
4694,0
9584,0
66,0
7477,0
5217,0
16445,0
1411,0
6109,0
3296,0
3992,1
19185,0
11843,1
10127,0
15272,0
10839,0
15495,0
14718,0
8358,0
1179,0
14334,0
6301,1
17333,0
3797,0
18946,0
9698,0
19997,0
11505,0
12427,0
891,0
18956,0
2293,0
9719,0
959,0
11096,0
10322,1
9350,1
2004,0
5533,0
5922,1
16568,0
144,0
15531,0
8453,1
3553,1
16514,1
12206,0
13510,0
778,1
14824,1
19609,0
18495,0
12874,0
6371,1
13621,0
16939,0
9674,1
4245,1
1113,0
16125,0
7355,0
5843,0
19706,0
12282,0
16179,0
9765,0
7500,0
14820,0
8712,0
9126,1
3592,0
8591,1
12308,0
5266,1
9927,0
4943,0
18047,0
15739,0
17074,0
10738,0
7428,1
3917,0
7382,0
3811,0
12509,0
18054,0
19557,1
553,0
19406,0
18028,0
10811,0
18797,0
16904,0
14801,0
3725,1
7406,0
4853,0
23,0
2759,0
5912,0
17146,1
10499,1
12585,1
7997,0
12893,0
16599,0
7484,1
6440,0
12267,0
2559,1
8744,0
1717,0
7369,0
11825,0
16564,0
8677,0
1299,1
10064,0
9494,0
11477,0
14517,0
4782,0
4095,0
12922,0
6855,0
14338,1
11352,1
14259,0
8933,1
4442,0
8736,0
16931,0
19200,0
1830,0
5702,0
3433,0
72,1
3664,1
18260,0
6135,1
9954,0
6650,0
1399,0
4283,0
5120,0
3681,0
17758,0
8991,1
4406,1
2608,0
13029,0
12902,0
824,1
2442,0
13013,1
4708,0
11360,0
14377,0
19578,0
17219,0
14704,0
9161,0
15772,0
5544,0
9101,0
10975,1
16997,0
7860,1
15468,0
6722,1
2410,0
8170,0
10652,1
7651,0
3752,0
19156,0
1394,0
9303,0
12917,0
16364,0
19608,0
19545,0
4611,0
13993,0
2246,1
6972,0
14795,0
15714,0
11371,0
19779,0
9088,0
15000,0
7772,0
17600,1
8035,1
11113,0
8483,0
5160,1
9498,0
15193,0
10337,0
4229,0
15976,0
17915,0
9891,0
2935,0
11576,0
16057,0
6571,0
5467,0
14597,1
18328,1
16095,0
15929,0
8311,1
5894,0
10703,0
12129,0
6911,0
4901,0
8814,0
18011,1
17032,0
16084,0
1648,1
11274,1
1705,0
4738,0
7443,0
4284,0
11529,1
6641,1
559,0
15847,0
17929,0
18660,0
3352,0
6201,1
3632,0
9963,0
18955,0
6403,0
14390,0
740,0
8198,1
5911,0
11979,0
6783,0
15248,0
16338,1
752,0
177,0
7129,0
12827,0
7315,0
17771,0
3171,0
16559,0
6910,0
11866,0
14326,0
8209,0
757,0
5965,0
12705,1
351,1
16120,1
15326,0
12840,0
13694,0
13203,0
408,0
4041,0
2352,0
9358,0
7682,0
17088,1
14668,1
14926,0
18908,0
7627,1
8495,0
5665,0
2085,1
1852,1
11408,0
2612,0
13673,1
2651,0
16161,0
6582,0
11863,1
16662,1
14572,0
5024,1
3540,0
15408,0
3836,1
364,0
11655,0
4081,0
5955,1
19832,0
15709,0
19754,0
11272,0
19104,0
14236,0
16382,0
6681,0
17697,0
11980,0
11819,1
6666,0
11752,0
1471,0
3321,0
17205,0
10107,0
2578,0
16109,0
17018,0
13972,0
18891,0
8818,0
308,1
4645,0
3096,0
3704,1
13571,0
1158,0
10048,1
18002,0
11864,0
9392,0
271,0
11419,0
16040,0
14431,0
5824,0
3544,0
17844,1
5857,0
7306,0
5020,0
15253,0
